semantic_weight,deepseek_fidelity,gemma_fidelity,delta,p_paired_t,winner,significant
0.0,0.587,0.6216,0.0346,0.24882,gemma,False
0.05,0.5883,0.6266,0.0383,0.19725,gemma,False
0.1,0.5896,0.6315,0.042,0.15486,gemma,False
0.15,0.5908,0.6365,0.0457,0.12095,gemma,False
0.2,0.5921,0.6415,0.0493,0.09445,gemma,False
0.25,0.5934,0.6464,0.053,0.07412,gemma,False
0.3,0.5947,0.6514,0.0567,0.05874,gemma,False
0.35,0.596,0.6564,0.0604,0.04721,gemma,True
0.4,0.5973,0.6613,0.0641,0.0386,gemma,True
0.45,0.5986,0.6663,0.0677,0.03219,gemma,True
0.5,0.5998,0.6713,0.0714,0.02741,gemma,True
0.55,0.6011,0.6762,0.0751,0.02383,gemma,True
0.6,0.6024,0.6812,0.0788,0.02114,gemma,True
0.65,0.6037,0.6862,0.0825,0.01912,gemma,True
0.7,0.605,0.6911,0.0862,0.01761,gemma,True
0.75,0.6063,0.6961,0.0898,0.01647,gemma,True
0.8,0.6076,0.7011,0.0935,0.01563,gemma,True
0.85,0.6088,0.706,0.0972,0.01501,gemma,True
0.9,0.6101,0.711,0.1009,0.01458,gemma,True
0.95,0.6114,0.716,0.1046,0.01428,gemma,True
1.0,0.6127,0.7209,0.1082,0.0141,gemma,True
