index,side,metric,ES_mean,n_ES,EN_mean,n_EN,p_mannwhitney
uncapped_32569,retrieval,context_precision,0.4775,18,0.4033,32,0.0544
uncapped_32569,retrieval,context_recall,0.4986,18,0.4779,32,0.3243
uncapped_32569,retrieval,mrr,0.9556,18,0.8641,32,0.2213
uncapped_32569,retrieval,ndcg@10,0.9398,18,0.8565,32,0.4957
published_6098,retrieval,context_precision,0.4853,18,0.4677,32,0.8317
published_6098,retrieval,context_recall,0.5191,18,0.5636,32,0.529
published_6098,retrieval,mrr,0.8426,18,0.8734,32,0.988
published_6098,retrieval,ndcg@10,0.7752,18,0.8465,32,0.3725
uncapped_32569,generation_deepseek,bertscore_f1,0.8081,18,0.8262,32,0.0074
uncapped_32569,generation_deepseek,semantic_similarity,0.672,18,0.8252,32,0.0561
uncapped_32569,generation_deepseek,entity_recall,0.4537,18,0.4137,32,0.8785
uncapped_32569,generation_deepseek,faithfulness,0.4678,18,0.6802,32,0.0011
uncapped_32569,generation_deepseek,answer_relevancy,0.9983,18,0.9992,32,0.4365
