accept_threshold,accept_rate_B_off_domain,accept_rate_A_missing_species,accept_rate_benchmark,n_B_off_domain,n_A_missing_species,n_benchmark
0.3,0.0,0.3333,0.78,10,9,50
0.35,0.0,0.2222,0.76,10,9,50
0.4,0.0,0.2222,0.76,10,9,50
0.45,0.0,0.2222,0.72,10,9,50
0.5,0.0,0.1111,0.72,10,9,50
0.55,0.0,0.1111,0.7,10,9,50
0.6,0.0,0.1111,0.7,10,9,50
0.65,0.0,0.1111,0.68,10,9,50
0.7,0.0,0.1111,0.66,10,9,50
0.75,0.0,0.1111,0.64,10,9,50
0.8,0.0,0.1111,0.62,10,9,50
0.85,0.0,0.1111,0.6,10,9,50
0.9,0.0,0.0,0.52,10,9,50
0.95,0.0,0.0,0.44,10,9,50
