accept_threshold,accept_rate_benchmark,n_benchmark,accept_rate_A_missing_species,n_A_missing_species,accept_rate_B_off_domain,n_B_off_domain,accept_rate_C_garbled,n_C_garbled
0.3,0.9,50,0.7778,9,0.0,10,0.5,8
0.35,0.9,50,0.6667,9,0.0,10,0.5,8
0.4,0.9,50,0.5556,9,0.0,10,0.5,8
0.45,0.9,50,0.5556,9,0.0,10,0.5,8
0.5,0.88,50,0.5556,9,0.0,10,0.5,8
0.55,0.88,50,0.4444,9,0.0,10,0.5,8
0.6,0.86,50,0.4444,9,0.0,10,0.5,8
0.65,0.86,50,0.4444,9,0.0,10,0.5,8
0.7,0.86,50,0.4444,9,0.0,10,0.5,8
0.75,0.84,50,0.4444,9,0.0,10,0.5,8
0.8,0.84,50,0.4444,9,0.0,10,0.5,8
0.85,0.8,50,0.4444,9,0.0,10,0.5,8
0.9,0.76,50,0.2222,9,0.0,10,0.5,8
0.95,0.72,50,0.0,9,0.0,10,0.5,8
