index,config,metric,p_two_sided,n_nonzero_of_50
published_6098,dense_only,context_precision,,0
published_6098,dense_only,context_recall,,0
published_6098,dense_only,mrr,,0
published_6098,dense_only,ndcg@10,,0
published_6098,sparse_only,context_precision,0.3183715204171579,44
published_6098,sparse_only,context_recall,0.3609206331484247,41
published_6098,sparse_only,mrr,0.5024273587291219,12
published_6098,sparse_only,ndcg@10,0.8588630128278887,26
published_6098,no_reranker,context_precision,0.7846556047751199,28
published_6098,no_reranker,context_recall,0.2295727675118362,23
published_6098,no_reranker,mrr,0.6233185982331436,13
published_6098,no_reranker,ndcg@10,0.8554435936093876,28
published_6098,no_crag,context_precision,0.06788915486182899,4
published_6098,no_crag,context_recall,0.06559969214707187,4
published_6098,no_crag,mrr,0.10880943004054568,3
published_6098,no_crag,ndcg@10,0.06788915486182899,4
uncapped_32569,dense_only,context_precision,,0
uncapped_32569,dense_only,context_recall,,0
uncapped_32569,dense_only,mrr,,0
uncapped_32569,dense_only,ndcg@10,,0
uncapped_32569,sparse_only,context_precision,0.3933322834732742,40
uncapped_32569,sparse_only,context_recall,0.3311789725756876,38
uncapped_32569,sparse_only,mrr,0.32520416325090185,8
uncapped_32569,sparse_only,ndcg@10,0.06195278853716299,20
uncapped_32569,no_reranker,context_precision,0.6874088693789095,17
uncapped_32569,no_reranker,context_recall,0.721447272762191,11
uncapped_32569,no_reranker,mrr,0.12750833049058283,7
uncapped_32569,no_reranker,ndcg@10,0.6529181068049057,17
uncapped_32569,no_crag,context_precision,0.31731050786291415,1
uncapped_32569,no_crag,context_recall,0.31731050786291415,1
uncapped_32569,no_crag,mrr,,0
uncapped_32569,no_crag,ndcg@10,0.31731050786291415,1
